{"0": 0.9381666666666667, "1": 0.9423333333333334, "2": 0.9395833333333333, "3": 0.9414166666666667, "4": 0.9395}