{"num_loops|num_endpoints": 11.257761144142647, "num_endpoints|num_junctions": 8.283308207774324, "num_loops|circularity": 9.564640245232223, "loop_area_ratio|circularity": 13.48548774834499}