{"num_loops": 0.804702125288997, "total_loop_area": 0.4648394582657728, "avg_loop_area": 0.5131235734197502, "loop_area_ratio": 0.5225700992361316, "loop_cx": 0.5645251253349385, "loop_cy": 0.9596167016600425, "avg_loop_cy": 0.7097916431297715, "loop_area_cv": 0.39460365109541923, "num_endpoints": 1.0674314482779734, "endpoint_avg_x": 1.4232929519840845, "endpoint_avg_y": 1.0568461808031477, "endpoint_x_spread": 1.0727326988909192, "endpoint_y_spread": 0.9911463169893626, "num_junctions": 0.8291201724276661, "junction_avg_x": 0.45609921319477165, "junction_avg_y": 0.3621252992520333, "curv_0": 0.5006110642417664, "curv_1": 0.6578793477972942, "curv_2": 0.8426987774006914, "curv_3": 0.4566775076582875, "curv_4": 1.2511568445540646, "curv_5": 0.6350745748510445, "curv_6": 0.7901094254597014, "curv_7": 0.8141061225976409, "aspect_ratio": 0.49775728647581785, "solidity": 0.8490535367871359, "extent": 0.6810981499385602, "perimeter": 0.7479358517184084, "circularity": 1.0061226632839397}