{"num_loops": 0.21421131078032385, "total_loop_area": 0.35370776269996673, "avg_loop_area": 0.3814685331751102, "loop_area_ratio": 0.36963405415241635, "loop_cx": 0.4605572740567987, "loop_cy": 0.4731823308554768, "avg_loop_cy": 0.4310390638193029, "loop_area_cv": 0.05709322773418668, "num_endpoints": 0.1593347755773089, "endpoint_avg_x": 0.4330897836925871, "endpoint_avg_y": 0.4693906686170606, "endpoint_x_spread": 0.32732220344660723, "endpoint_y_spread": 0.3125505184232913, "num_junctions": 0.3822498591520116, "junction_avg_x": 0.4280191594422029, "junction_avg_y": 0.5061257221087998, "curv_0": 0.28374843163634855, "curv_1": 0.2387388527894121, "curv_2": 0.640002006260656, "curv_3": 0.3271107315614725, "curv_4": 0.626558230853695, "curv_5": 0.23673495716897586, "curv_6": 0.6281403431676038, "curv_7": 0.7510719779300037, "aspect_ratio": 0.4626206124741583, "solidity": 0.37324717190839873, "extent": 0.3609002924477416, "perimeter": 0.2632347602722236, "circularity": 0.2776883660590741}