{"num_loops": 0.005258649395740358, "total_loop_area": 0.013497225823316016, "avg_loop_area": 0.012574905203220943, "loop_area_ratio": 0.013556039956918864, "loop_cx": 0.02760320520663893, "loop_cy": 0.020390490896841314, "avg_loop_cy": 0.016918329731592484, "loop_area_cv": 0.0009057120336965674, "num_endpoints": 0.0150057041260153, "endpoint_avg_x": 0.06492098915480715, "endpoint_avg_y": 0.08151329927065891, "endpoint_x_spread": 0.039131698961187227, "endpoint_y_spread": 0.04524927456135559, "num_junctions": 0.04691080805449311, "junction_avg_x": 0.027808603938128187, "junction_avg_y": 0.037776635901193775, "curv_0": 0.022800273216962732, "curv_1": 0.018293186609821797, "curv_2": 0.062088080392789284, "curv_3": 0.020435345137085816, "curv_4": 0.05599623831213981, "curv_5": 0.02091191820620727, "curv_6": 0.06547309466462756, "curv_7": 0.07771523333242916, "aspect_ratio": 0.044376498116298096, "solidity": 0.030549762796913408, "extent": 0.03520657274601921, "perimeter": 0.04198584212981561, "circularity": 0.03514638212308545}