{"C=0.1|gamma=scale|fold=0": 0.878, "C=0.1|gamma=scale|fold=1": 0.88, "C=0.1|gamma=scale|fold=2": 0.87825, "C=0.1|gamma=scale|fold=3": 0.8735, "C=0.1|gamma=scale|fold=4": 0.864, "C=0.1|gamma=0.01|fold=0": 0.85425, "C=0.1|gamma=0.01|fold=1": 0.8535, "C=0.1|gamma=0.01|fold=2": 0.852, "C=0.1|gamma=0.01|fold=3": 0.8435, "C=0.1|gamma=0.01|fold=4": 0.837, "C=0.1|gamma=0.03|fold=0": 0.874, "C=0.1|gamma=0.03|fold=1": 0.87825, "C=0.1|gamma=0.03|fold=2": 0.87525, "C=0.1|gamma=0.03|fold=3": 0.87025, "C=0.1|gamma=0.03|fold=4": 0.86275, "C=0.1|gamma=0.1|fold=0": 0.875, "C=0.1|gamma=0.1|fold=1": 0.8815, "C=0.1|gamma=0.1|fold=2": 0.87825, "C=0.1|gamma=0.1|fold=3": 0.88225, "C=0.1|gamma=0.1|fold=4": 0.869, "C=0.1|gamma=0.3|fold=0": 0.76, "C=0.1|gamma=0.3|fold=1": 0.75175, "C=0.1|gamma=0.3|fold=2": 0.7545, "C=0.1|gamma=0.3|fold=3": 0.749, "C=0.1|gamma=0.3|fold=4": 0.7605, "C=1|gamma=scale|fold=0": 0.91475, "C=1|gamma=scale|fold=1": 0.9185, "C=1|gamma=scale|fold=2": 0.9135, "C=1|gamma=scale|fold=3": 0.9115, "C=1|gamma=scale|fold=4": 0.904, "C=1|gamma=0.01|fold=0": 0.8955, "C=1|gamma=0.01|fold=1": 0.90075, "C=1|gamma=0.01|fold=2": 0.893, "C=1|gamma=0.01|fold=3": 0.88825, "C=1|gamma=0.01|fold=4": 0.8795, "C=1|gamma=0.03|fold=0": 0.91375, "C=1|gamma=0.03|fold=1": 0.91625, "C=1|gamma=0.03|fold=2": 0.9115, "C=1|gamma=0.03|fold=3": 0.90925, "C=1|gamma=0.03|fold=4": 0.9005, "C=1|gamma=0.1|fold=0": 0.92025, "C=1|gamma=0.1|fold=1": 0.9265, "C=1|gamma=0.1|fold=2": 0.92025, "C=1|gamma=0.1|fold=3": 0.9185, "C=1|gamma=0.1|fold=4": 0.9135, "C=1|gamma=0.3|fold=0": 0.90275, "C=1|gamma=0.3|fold=1": 0.90825, "C=1|gamma=0.3|fold=2": 0.904, "C=1|gamma=0.3|fold=3": 0.9015, "C=1|gamma=0.3|fold=4": 0.89825, "C=10|gamma=scale|fold=0": 0.92575, "C=10|gamma=scale|fold=1": 0.9295, "C=10|gamma=scale|fold=2": 0.926, "C=10|gamma=scale|fold=3": 0.922, "C=10|gamma=scale|fold=4": 0.923, "C=10|gamma=0.01|fold=0": 0.91725, "C=10|gamma=0.01|fold=1": 0.91825, "C=10|gamma=0.01|fold=2": 0.915, "C=10|gamma=0.01|fold=3": 0.911, "C=10|gamma=0.01|fold=4": 0.90475, "C=10|gamma=0.03|fold=0": 0.9255, "C=10|gamma=0.03|fold=1": 0.93025, "C=10|gamma=0.03|fold=2": 0.9245, "C=10|gamma=0.03|fold=3": 0.921, "C=10|gamma=0.03|fold=4": 0.92025, "C=10|gamma=0.1|fold=0": 0.924, "C=10|gamma=0.1|fold=1": 0.927, "C=10|gamma=0.1|fold=2": 0.92575, "C=10|gamma=0.1|fold=3": 0.917, "C=10|gamma=0.1|fold=4": 0.9165, "C=10|gamma=0.3|fold=0": 0.9015, "C=10|gamma=0.3|fold=1": 0.90725, "C=10|gamma=0.3|fold=2": 0.90525, "C=10|gamma=0.3|fold=3": 0.9025, "C=10|gamma=0.3|fold=4": 0.8995, "C=100|gamma=scale|fold=0": 0.92175, "C=100|gamma=scale|fold=1": 0.92675, "C=100|gamma=scale|fold=2": 0.9205, "C=100|gamma=scale|fold=3": 0.915, "C=100|gamma=scale|fold=4": 0.91725, "C=100|gamma=0.01|fold=0": 0.926, "C=100|gamma=0.01|fold=1": 0.9265, "C=100|gamma=0.01|fold=2": 0.92325, "C=100|gamma=0.01|fold=3": 0.91625, "C=100|gamma=0.01|fold=4": 0.918, "C=100|gamma=0.03|fold=0": 0.9225, "C=100|gamma=0.03|fold=1": 0.93025, "C=100|gamma=0.03|fold=2": 0.9215, "C=100|gamma=0.03|fold=3": 0.91425, "C=100|gamma=0.03|fold=4": 0.9215, "C=100|gamma=0.1|fold=0": 0.92075, "C=100|gamma=0.1|fold=1": 0.92375, "C=100|gamma=0.1|fold=2": 0.92, "C=100|gamma=0.1|fold=3": 0.91425, "C=100|gamma=0.1|fold=4": 0.90925, "C=100|gamma=0.3|fold=0": 0.90125, "C=100|gamma=0.3|fold=1": 0.9065, "C=100|gamma=0.3|fold=2": 0.9045, "C=100|gamma=0.3|fold=3": 0.902, "C=100|gamma=0.3|fold=4": 0.8985}