{
 "cpu": "aarch64",
 "platform": "Linux-6.8.0-124-generic-aarch64-with-glibc2.35",
 "n": 300,
 "feature_ms": {
  "mean": 1.0390934733671504,
  "std": 1.0386661761985172,
  "p95": 1.1886583486557356
 },
 "svm_ms": {
  "mean": 1.19640887331722,
  "std": 0.08162903237631698,
  "p95": 1.2854023990257701
 },
 "total_ms": {
  "mean": 2.2355023466843704,
  "std": 1.1016964620457959,
  "p50": 2.1436249999169377,
  "p95": 2.440195850795135,
  "p99": 2.7153712503604757
 },
 "model_size_kb": 4706
}